{
  "predictor": {
    "weights": [
      28.709240845566537,
      -25.824475673133527,
      0.0,
      104.64499969386384,
      0.0,
      295.2704959232753,
      34.91520401408572,
      -53.85112901854338,
      0.0,
      -0.6232549899358009,
      0.0
    ],
    "bias": 75.72729526181534,
    "fitted": true
  },
  "calibrators": {
    "easy": {
      "n": 0,
      "sum_ratio": 0.0
    },
    "medium": {
      "n": 0,
      "sum_ratio": 0.0
    },
    "hard": {
      "n": 0,
      "sum_ratio": 0.0
    }
  },
  "easy_max": 40,
  "hard_min": 150
}