{
  "predictor": {
    "weights": [
      31.515662711884385,
      71.76840379051092,
      0.0,
      171.63691077662781,
      0.0,
      22.793268500560288,
      -160.25945846491013,
      -17.297342053047945,
      -33.58060813443498,
      43.30152932708515,
      -46.521153019126594
    ],
    "bias": -33.58060813443513,
    "fitted": true
  },
  "calibrators": {
    "easy": {
      "n": 0,
      "sum_ratio": 0.0
    },
    "medium": {
      "n": 0,
      "sum_ratio": 0.0
    },
    "hard": {
      "n": 0,
      "sum_ratio": 0.0
    }
  },
  "easy_max": 40,
  "hard_min": 150
}